,Content,Predicted Category,Actual Category,LLM Output
25,Theodore Metochites (Greek: Θεόδωρος Μετοχίτης 1270–1332) was a Byzantine statesman author gentleman philosopher and patron of the arts. From c. 1305 to 1328 he held the position of personal adviser (mesazōn) to emperor Andronikos II Palaiologos.,Artist,OfficeHolder,Artist
109,Elevation 2001: Live from Boston is a concert film by Irish rock band U2. It was released as a two disc DVD set by Island Records in the United Kingdom on 26 November 2001 and by Interscope Records in the United States a month later. The video documents three concerts by the band performed in Boston Massachusetts during the first American leg of their 2001 Elevation Tour (see 2001 in music).,Film,Album,Film
181,Mark Lucas is the director of the United States Association of Blind Athletes.,OfficeHolder,Athlete,Office
249,Sara Horowitz is the founder of Working Today and Freelancers Union leading organizations of independent workers. She was an Echoing green fellow in 1995 and she was named a MacArthur Fellow in 1999. She graduated from Cornell University 1984.Her grandfather was vice-president of the International Ladies Garment Workers Union in New York and her father was a union lawyer.,OfficeHolder,Artist,Office
323,The Bond Electraglide was a carbon fiber electric guitar manufactured by Bond Guitars between 1984 and 1985. It resembled a matte-black 3-pickup Gibson Melody Maker (although with the 1962 onwards double cut-away) with a unique stepped aluminum fingerboard (anodized black) instead of traditional frets. Pickup switching volume and tone controls were completely digital powered by a large internal motherboard.,MeanOfTransportation,Company,Mean
385,Malmyzh (Russian: Малмыж) is the name of several inhabited localities in Russia.Urban localitiesMalmyzh Kirov Oblast a town in Malmyzhsky District of Kirov Oblast; 56°32′N 50°41′ERural localitiesMalmyzh Amursky District Khabarovsk Krai a settlement at the station in Amursky District of Khabarovsk KraiMalmyzh Nanaysky District Khabarovsk Krai a selo in Nanaysky District of Khabarovsk Krai,Village,NaturalPlace,V
393,Star Comics was an imprint of Marvel Comics that began in 1984 and continued to publish comic books until early 1988. Titles published by the imprint were aimed at child readers and were often adaptations of children's television series animated series or toys. Several of the original titles consciously emulated the house writing and visual style of then recently defunct Harvey Comics titles such as Richie Rich.,WrittenWork,Company,Written
483,Hungry Girl is a free daily e-mail subscription service about healthy eating that launched in May 2004. Approximately one million people receive HG's daily emails.Hungry Girl is run by Lisa Lillien a media executive who has also held positions at Nickelodeon and Warner Bros.,WrittenWork,Company,Written
495,Ongpangkong is the largest mountain range in Mokokchung District in India. The district headquarters Mokokchung is itself located in this range. Important villages are Longsa Ungma Chungtia Longkum Mokokchung Village Khensa Aliba Mangmetong Mekuli Kinunger etc.,NaturalPlace,Village,Natural
538,Fort Tryon Park is a public park located in the Hudson Heights Washington Heights and Inwood neighborhoods of the borough of Manhattan in New York City. The park extends from West 190th Street in the south to Dyckman Street in the north and from Broadway in the east to Riverside Drive and the Henry Hudson Parkway in the west.,NaturalPlace,Building,Natural
629,Hilde Haugsgjerd (born 7 July 1952) is a Norwegian newspaper editor.She was born in Oslo. She was the party leader of the Red Electoral Alliance from 1979 to 1981 and was married to the party's first leader Sigurd Allern from 1972 to 1977.She worked as a journalist in Klassekampen and Dagbladet as well as information director of Rikshospitalet before becoming a newspaper editor.,OfficeHolder,Artist,Office
632,Matchless is one of the oldest marques of British motorcycles manufactured in Plumstead London between 1899 and 1966. A wide range of models were produced under the Matchless name ranging from small two-strokes to 750 cc four-stroke twins.,MeanOfTransportation,Company,Mean
694,Navia mima is a species of the genus Navia. This species is endemic to Venezuela.,Animal,Plant,Animal
957,Lions of Medina is a book written by historian Doyle Glass first published by Coleche Press on May 1 2007 and subsequently by NAL Caliber (Penguin) on July 1 2008.,WrittenWork,Artist,Written
1128,Inspired by Guru's Jazzmatazz project the German formation Jazzkantine was founded in 1993 in Braunschweig. Their first album Jazzkantine won them the Echo Award in 1995 the most important German music prize.The music of Jazzkantine is a cross-over between jazz funk and hip hop music: German rap over music and beats heavily influenced by jazz standards often interpreted in a very funky way. This genre is also known as jazz rap.,Album,Artist,Album
1180,Winifred Hamrick Farrar (5 March 1923 – 6 November 2010) was the Poet Laureate of Mississippi from 1978 to 2010.She was born on a family farm near Collinsville. She graduated from the University of Mississippi in 1945 married Robert H. Farrar and taught English for thirty years in public schools in Meridian. She earned a Master's degree from the University of Southern Mississippi in 1962.She was appointed Poet Laureate on 31 July 1978 by Governor Cliff Finch.,OfficeHolder,Artist,Office
1195,Ingebrigt Steen Jensen (born 9 May 1955) is a Norwegian writer consultant advertising man and football official.Steen Jensen is educated at the University of Oslo where he studied English Norwegian and political science.He has worked in advertising since 1982. During the 1990s Steen Jensen took part in the building of JBR advertising agency which was sold to IPG (InterPublic Group) under the name McCann-Erickson Advertising; now known as McCann Worldgroup Norway and Dinamo.,OfficeHolder,Artist,Office
1502,William Farquhar Payson (1876-1939) was an American author. He was born in New York city February 18 1876 the son of Francis and Mary F. (Dabney) Payson and grandson of John Larkin and Frances (Lithgow) Payson and of Charles Henry and Ellen M. (Jones) Dabney and a descendant of Edward Payson (1614–1675). He received his preparatory education in England and in New York city; was a student at Columbia University 1892–93 and in 1893 engaged in journalism.,OfficeHolder,Artist,Office
1505,José Antonio Lacayo de Briones y Palacios (1679–1756) was an intendant or intendente (a type of viceroyal governor) in Central America during the Spanish colonial period. He was Governor of Costa Rica from 1713 to 1717 and Governor of Nicaragua from 1740 to 1745.,OfficeHolder,Artist,Office
1555,Hugh Philp (1786–1856) was one of the most celebrated golf club makers of his era.Born in Cameron Bridge in Fife he moved to nearby St Andrews to establish a carpentry joinery and housepainting business. In 1812 he started to repair and then make golf clubs as a sideline. This sideline became a great success and he subsequently opened a shop and workshop adjacent to the links.,Artist,Athlete,Artist
1558,Michael Gecan is a community organizer in New York affiliated with the Industrial Areas Foundation. He was trained in part by Saul Alinsky. He is lead organizer for East Brooklyn Congregations and other New York based organizations. He is the executive director of United Power for Action and Justice a Chicago Based Industrial Area Foundation affiliate. He is the author of Going Public: An Organizer's Guide to Citizen Action (Anchor Books 2004).,OfficeHolder,Artist,Office
1797,Technocity is a technology park and integrated township in Thiruvananthapuram (Trivandrum) Kerala India dedicated to electronics software and other Information Technology (IT) ventures. It is conceived in 2005 as the fourth phase of development of Technopark Technocity is a complete IT City spread across about 500 acres (200 hectares) which includes not just space for IT/ITES firms but also residential commercial hospitality medical and educational facilities.,Building,Company,Building
1824,The Mahakali Caves (Marathi: महाकाली गुंफा) (also known as the Kondivita Caves) are a group of 19 rock-cut monuments built between 1st century BCE and 6th century CE.This Buddhist monastery is located in the western suburb of Andheri in the city of Mumbai (Bombay) in western India. Monument consists of two groups of rock-cut caves - 4 caves more to the north-west and 15 caves more to the south-east. Most caves are viharas and cells for monks but Cave 9 of south-eastern group is chaitya.,Building,NaturalPlace,Building
1844,Mithila has been reputed for its great and outstanding culture civilization tradition and heritage in the whole world since time immmemorial. The splendour of the ideal life of Mother Sita not only purified the soil of mithila but also spread brightness in the entire universe. On this very fertile land of Mithila famous eye surgeon Dr.,Artist,EducationalInstitution,Artist
1912,Rick Ostrander is the provost at Cornerstone University.,OfficeHolder,Artist,Office
1931,Atâ-Malek Juvayni (1226–1283) (Persian: عطاملک جوینی‎) in full Ala al-Din Ata-ullah (Persian: علاءالدین عطاالله‎) was a Persian historian who wrote an account of the Mongol Empire entitled Tarīkh-i Jahān-gushā (History of the World Conqueror).He was born in Juvayn a city in Khorasan in northeastern Iran. Both his grandfather and his father Baha al-Din had held the post of sahib-divan or Minister of Finance for Muhammad Jalal al-Din and Ögedei Khan respectively.,Artist,OfficeHolder,Artist
2005,Château Quintus is a wine estate of 15 ha located in Saint-Émilion in the AOC of the same name. Formerly named Château Tertre Daugay a Classified Growth of Saint-Émilion it is the property of Quintus SAS a subsidiary of Domaine Clarence Dillon SAS.From the 2011 vintage the grand vin is called Château Quintus and the second wine Le Dragon de Quintus.,Building,Company,Building
2051,In 1859 Albert Bierstadt accompanied Frederick W. Lander on a western expedition. On his return he painted a mountain landscape on a large 6 feet (1.8 m) by 10 feet (3.0 m) canvas. Following the death of General Lander during the Civil War in 1862 Bierstadt named the peak Lander's Peak. The painting was completed in 1863 and sold in 1865 for $25000.,Building,NaturalPlace,Building
2081,Switzler Hall is an academic hall on the campus of the University of Missouri in Columbia Missouri. The building was completed in 1872 and it is located on the west side of the David R. Francis Quadrangle. Switzler Hall is the oldest academic building and second oldest structure on campus after the Chancellor's Residence. The building was named after Colonel William Franklin Switzler editor and publisher of the Missouri Statesman and supporter of the University.,EducationalInstitution,Building,Educ
2158,Karen DeYoung is a Pulitzer Prize-winning American journalist and is the associate editor for The Washington Post. DeYoung was born in Florida and she grew up in St. Petersburg Florida. She received Bachelor degrees in journalism and communications from the University of Florida. After graduation DeYoung worked as a non-staff stringer in West Africa. In 1975 she joined the Post.,OfficeHolder,Artist,Office
2160,Kennywood is an amusement park located in West Mifflin Pennsylvania a suburb of Pittsburgh. The park first opened in 1898 as a trolley park attraction at the end of the Mellon family's Monongahela Street Railway. The park was purchased in 1906 by F. W. Henninger and Andrew McSwigan and thus began the Kennywood Entertainment company that has remained a closely held family business for over 100 years.,Company,Building,Company
2415,O'Fallons Bluff is a section of bluffs about 20 miles (32 km) long that run along the south side of the Platte river near Sutherland in Lincoln County Nebraska. The Oregon and California trails ran up and over these bluffs. They were characterized by American pioneers heading west to Oregon and California as sparse in vegetation with a number of violent incidents involving Native Americans.,NaturalPlace,Building,Natural
2640,Standing on the Edge of the Noise is a unique intimate look at Oasis performing in their own space instead of the huge stadium stages on which they are more often seen. The programme includes a mix of classics and new tracks from Dig Out Your Soul. It's a one-off live show that they played for a handful of fans in their rehearsal studio as preparations for their 2008/2009 Dig Out Your Soul Tour.,Album,Film,Album
2808,Michael Stern (August 3 1910 – April 7 2009) was an American reporter author and philanthropist. As a reporter during World War II he issued some of the first accounts from a liberated Rome Italy in June 1944. He later worked in concert with Zachary Fisher to create the Intrepid Sea-Air-Space Museum in New York City New York United States.,OfficeHolder,Artist,Office
2883,Morrison's Cafeterias was a chain of cafeteria-style restaurants located in the Southeastern United States with a concentration of locations in Georgia and Florida. Generally found in shopping malls Morrison's primary competition was Piccadilly Cafeterias. It was particularly popular in Florida with its high proportion of retirees. At its peak the company was synonymous with good southern cooking and operated 151 restaurants under the Morrison's name in 13 states.,Company,Building,Company
2896,Caleb Smith State Park Preserve is a state park located in Suffolk County New York in the USA. The park is near the north shore of Long Island in the town of Smithtown. Prior to its current name the park was called Nissequogue River State Park a name now used for park lands on the former Kings Park Psychiatric Center grounds.,NaturalPlace,Building,Natural
2981,Acritarchs are small organic fossils present from approximately 1400 to 3200 million years ago to the present. Their diversity reflects major ecological events such as the appearance of predation and the Cambrian explosion.,MeanOfTransportation,Plant,Mean
3080,Edward Gallenstein is the Editor-in-Chief of the magazine Chip Chats and President of the National Wood Carvers Association.,OfficeHolder,Artist,Office
3084,The AK-ROWDIES are a student cheer group at The University of Akron that was founded in 2005. The AK ROWDIES are the largest organization at Akron. They can be found at all of the sporting events on campus in special student sections designated for the Rowdy members.,Company,EducationalInstitution,Company
3725,Raymond Harry Ray Beckett (born 1903 died 1983) was an Australian journalist newspaper editor and author.Before becoming a journalist he worked as a rouseabout in South Australia. His first position as a journalist was working for the Adelaide Advertiser where he was paid one penny per line of copy. Other positions he has held include: chief sub-editor at the Sydney Telegraph Assistant Editor of the Sunday Telegraph and the Sun-Herald and editor of the Sunday Mirror.,OfficeHolder,Artist,Office
3768,George Wheeler Hinman (November 19 1864 - March 31 1927) was an American writer and newspaper publisher. He also served as the president of Marietta College in Ohio from 1913-1918.Hinman was born in Mount Morris New York in 1864 and graduated from Hamilton College in New York in 1884. After working at newspapers in Chicago and St. Louis he obtained a masters and Ph.D. degree from Heidelberg University in 1889.,OfficeHolder,Artist,Office
3786,The Association of Theologically Trained Women of India (ATTWI) is an association of Indian women theologians which was constituted in 1979 in Chennai.It is an ecumenical organisation with more than 500 members.,Company,EducationalInstitution,Company
3854,In 1811 Andrew Ellicott made a survey for the state of Georgia to resolve the boundary dispute between Georgia and North Carolina which in 1810 had resulted in a short armed conflict between the two called the Walton War. He engraved a large rock in the Chattooga River with N-G standing for North Carolina - Georgia.,NaturalPlace,Building,Natural
4001,Marcel Desjardins (born May 19 1966) is the current General Manager for the Ottawa Redblacks in the Canadian Football League. He was most recently the Assistant GM for the Montreal Alouettes from 2008 to 2012. He has also served as the General Manager for the Hamilton Tiger-Cats for two seasons. He is a three time Grey Cup champion having won all three with the Alouettes. Desjardins is a graduate of the Sports Administration program at Laurentian University in Sudbury Ontario.,OfficeHolder,Athlete,Office
4006,Star Weiss is an accomplished journalist educator and author. She was born in Tarrytown New York and moved around the state as a child spending her teen years in White Plains. Star moved to Canada after meeting her husband Russ. Together they have had two daughters and now live out of Victoria British Columbia.,Artist,WrittenWork,Artist
4041,The Public Health Foundation of India (PHFI) is an autonomous foundation located in New Delhi India. The foundation was created as a public-private initiative and launched by the Prime minister of India Manmohan Singh in 2006 with the aim of enhancing the capacity of public health professionals in the country over five to seven years. The PHFI initiative was collaboratively developed over two years under the leadership of Rajat Gupta (Former Sr.,Company,EducationalInstitution,Company
4094,In law dissolution has multiple meanings.Dissolution is the last stage of liquidation the process by which a company (or part of a company) is brought to an end and the assets and property of the company redistributed.Dissolution may also refer to the termination of a contract or other legal relationship; for example the dissolution of a marriage or divorce.Dissolution is also the term for the legal process by which an adoption is reversed.,MeanOfTransportation,Plant,Mean
4417,Grosvenor Canal was a canal in the Pimlico area of London opened in 1825. It was progressively shortened as first the railways to Victoria Station and then the Ebury Bridge housing estate were built over it. It remained in use until 1995 enabling barges to be loaded with refuse for removal from the city making it the last canal in London to operate commercially. A small part of it remains among the Grosvenor Waterside development.,MeanOfTransportation,NaturalPlace,Mean
4523,Carly Rae Patterson-Caldwell (born February 4 1988 in Baton Rouge Louisiana)[citation needed] is an American singer and former gymnast. She is the 2004 Olympic All-Around Champion and a member of the USA Gymnastics Hall of Fame. She currently lives in Allen Texas.[citation needed],Artist,Athlete,Artist
4850,Showcase Cinemas is a movie theater chain owned and operated by National Amusements. Operating more than 950 indoor screens in the United States United Kingdom and Latin America.,Company,Plant,Company
5184,Goebelsmuhle (Luxembourgish: Giewelsmillen German: Goebelsmühle) is a village in the commune of Bourscheid in north-eastern Luxembourg. As of 2006 the village had a population of 17. Nearby is the confluence of the Sauer and the Wiltz.It is served by Goebelsmuhle railway station which lies on Chemins de Fer Luxembourgeois' Line 10.,Village,NaturalPlace,V
5250,Cancajanag is located within the municipal boundary of Dagami in the province of Leyte on the island of Leyte Region VIII of the Philippines.,Village,NaturalPlace,V
5261,The East Longs Peak Trail Longs Peak Trail and Keyhole Route-Shelf Trail in Rocky Mountain National Park are listed on the National Register of Historic Places for their significance in the early recreational development of the park. The East Longs Peak Trail was laid out in 1878 by Reverend Elkanah H. Lamb long before the designation of the region as parkland. It was extended in 1910 by Enos Mills.,NaturalPlace,Building,Natural
5315,The First Baptist Church of Manila also known as FBCM or FirstBap is a church established by the pioneering of the United States missionaries in the early 1900s. The church had at first U.S. missionaries for its pastor but consequently with the independence of the Philippines on July 4 1946 the church had its first Filipino pastor the late Pastor Antonio Ormeo. FBCM's current Senior Pastor who took Pastor Ormeo's place is Pastor Ebenezer T. Nacita.,Building,Company,Building
5334,ChicaGo Dash is an express bus service between Chicago Illinois and Valparaiso Indiana. It is jointly run by the city of Valparaiso and the Valparaiso Redevelopment Commission with substantial financial support from the Northwest Indiana Regional Development Authority. It was launched on October 6 2008.,MeanOfTransportation,Company,Mean
5454,Serge Lang (June 6 1920–November 21 1999) was a French journalist alpine skier and the founder of the alpine skiing World Cup. As a journalist he covered alpine skiing cycling and other sports for five major publications. In the mid-1960s he envisioned a season-long series of ski races which became the World Cup skiing circuit. He continued to guide the growth of the World Cup and the sport of ski racing over the next two decades.,Athlete,Artist,Ath
5490,Victory at Sea is a documentary television series about warfare in general during World War II and naval warfare in particular as well as the use of industry in warfare. It was originally broadcast by NBC in the USA in 1952–1953. It was condensed into a film in 1954. Excerpts from the music soundtrack by Richard Rodgers and Robert Russell Bennett were re-recorded and sold as record albums.,WrittenWork,Film,Written
5537,Fritz Guy (born 1930) is a Seventh-day Adventist theologian and Research Professor of Philosophical Theology at La Sierra University in Riverside California. He has worked as a college and university professor an academic administrator and a church pastor.,Artist,OfficeHolder,Artist
5642,William Levi Crawford (1911–1984) was an American publisher and editor.,OfficeHolder,Artist,Office
5695,Colin J.,Artist,Athlete,Artist
5812,The campus of the Massachusetts Institute of Technology is located on a 168-acre (68 ha) tract in Cambridge Massachusetts United States. The campus spans approximately one mile (1.6 km) of the north side of the Charles River basin directly opposite the Back Bay neighborhood of Boston Massachusetts.The campus includes dozens of buildings representing diverse architectural styles and shifting campus priorities over MIT's history.,EducationalInstitution,Building,Educ
5862,Minamoto no Tōru (源 融 822 – September 21 895) was a Japanese poet and statesman. He was born the grandson of Emperor Saga and a member of the Saga Genji clan.,OfficeHolder,Artist,Office
6034,Shakespeare's Pizza founded in 1973 is a Columbia Missouri landmark known for its popular pizza and unconventional decor. Located at the intersection of 9th and Elm in downtown Columbia it is across the street from the campus of the University of Missouri. In November 2010 Shakespeare's was the winner of “Best Bites Challenge: College Edition” on ABC’s “Good Morning America.”,Building,Company,Building
6072,Gichin Funakoshi (船越 義珍 Funakoshi Gichin November 10 1868 – April 26 1957) is the founder of Shotokan Karate-Do perhaps the most widely known style of karate and is attributed as being the father of modern karate. Following the teachings of Anko Itosu he was one of the Okinawan karate masters who introduced karate to the Japanese mainland in 1922. He taught karate at various Japanese universities and became honorary head of the Japan Karate Association upon its establishment in 1949.,Artist,Athlete,Artist
6170,9012Live is the video release of a concert by the progressive rock group Yes recorded live at Northlands Coliseum in Edmonton Canada on September 28 and 29 1984. It mostly features material from the band's reunion album 90125 which was a major success for the band. The 1984–1985 tour was the band's first since reuniting after a three-year breakup.,Album,Film,Album
6250,Viriato Díaz Pérez was of the most important teachers that Paraguay had in almost half a century.,OfficeHolder,Artist,Office
6526,The Matheson was an American automobile manufactured from 1903 to 1912. The President of the company was Charles Walter Matheson born Grand Rapids Michigan March 22 1876. His brother Frank F. Matheson served as company secretary.,MeanOfTransportation,Company,Mean
6545,Navajivan Trust is a publishing house based out of Ahmedabad India. It was founded by Mahatma Gandhi in 1929 and has published more than 800 titles in English Gujarati Hindi and other languages to date.Earlier Navajivan referred to a weekly newspaper published by Gandhi in Gujarati from 1919 (September 7) to 1931 from Ahmedabad.,Company,WrittenWork,Company
6591,Auguste-Jean-Marie Vermorel (June 21 1841 - June 20 1871) was a French journalist.,OfficeHolder,Artist,Office
6667,Aars Municipality - before the Kommunalreformen (The Municipality Reform of 2007) it was a municipality (Danish kommune) in northern Denmark in the county of North Jutland on the peninsula of Jutland. The municipality covers an area of 223 km² and had a total population of 13284 (2005). Its latest mayor was Knud V. Christensen a member of the Conservative People's Party (Det Konservative Folkeparti) political party.,OfficeHolder,EducationalInstitution,Office
6731,Adam Rittenberg is a blogger and sports journalist for ESPN's college football section dedicated to the Big Ten Conference in college football. Before 2008 when he joined ESPN he was a sports writer at Daily Herald (Arlington Heights) in Illinois. Rittenberg is a graduate of Northwestern University and resides near Chicago Illinois.,OfficeHolder,Artist,Office
6765,Tears from Heaven is the fourth album of the American comics series Love and Rockets written and drawn by Los Bros Hernandez Gilbert and Jaime and published in 1988.The cover of the compilation is by Gilbert Hernandez the back cover by Jaime. Gilbert and Jaime's brother Mario Hernandez does not participate to this book except for one cover.,Album,WrittenWork,Album
7054,Kamyana Mohyla (Ukrainian: Кам'яна Могила; Kamennaya mogila Russian: Каменная могила; literally: stone tomb) is an archaeological site in the Molochna River (literally Milk river) valley about a mile from the village of Terpinnya Zaporizhia Oblast Ukraine.The site encompasses a group of isolated blocks of sandstone up to twelve meters in height scattered around an area of some 3000 square meters.,NaturalPlace,Building,Natural
7062,CartoonArts International affiliated with the New York Times Syndicate represents artists from around the world. Founded in 1978 by artist Jerry Robinson it distributes political and humor cartoons caricatures and graphics internationally and is updated daily.It maintains one of the world's most extensive cartoon archives representing more than 550 artists from over 75 countries. The artists provide commentary on news stories and personalities.,Company,WrittenWork,Company
7338,Einar Hålien (born 17 November 1963) is a Norwegian editor.He was born in Fagernes. He was hired as a journalist in the Norwegian Broadcasting Corporation in 1989 and led the district offices of the Broadcasting Corporation in Nordland from 1993 to 1995 and Hordaland from 1995 to 1997. He was appointed chief editor of the large regional newspaper Bergens Tidende in 1997 and became director in Schibsted in 2008.,OfficeHolder,Artist,Office
7478,Osborne King originally Osborne King & Megran is a commercial property consultancy firm based in Belfast UK and private partnership of chartered surveyors in the United Kingdom. It is among the oldest firms of its kind in Ireland having been founded in 1947. It is known for its public sector workwith contracts in defence county councils government offices and educational facilities.,Company,EducationalInstitution,Company
7491,Immagine in Cornice Italian for picture in a frame is a live concert film documenting the 2006 five-concert tour of Italy by the American alternative rock band Pearl Jam. It was released on September 25 2007.,Film,Album,Film
7498,Banavasi (Kannada: ಬನವಾಸಿ) also known as Konkanapura is an ancient temple town in Uttara Kannada District bordering Shivamogga district in the South Indian state of Karnataka .Huen Tsang the Chinese traveler-monk who was in India between 630-644 C.E visited Konkanapura called Konkanapulo(referred in Chinese scripts)or Banavasi.,Building,Village,Building
7544,SANAE IV is the current research base of the South African National Antarctic Expedition and is part of the South African National Antarctic Program (SANAP). The other two bases in SANAP are Gough Island and Marion Island.,MeanOfTransportation,Building,Mean
7634,Aneeta Prem is a British author human rights campaigner magistrate and the founder and president of Freedom.,Artist,OfficeHolder,Artist
7768,Bear Creek Saloon and Steakhouse is a restaurant in the small town of Bear Creek Montana. The Saloon is family owned by (Bobby) Pits & Lynn DeArmond since it was purchased in 1982. The restaurant houses fund-raising pig races throughout the year that use full grown pigs in the summer and piglets in the winter which are overseen by the Carbon County Health Department and the U.S. Department of Agriculture.,Building,Company,Building
7897,Jeffrey Lee Pierce (June 27 1958 – March 31 1996) was an American singer songwriter and guitarist. He was one of the founding members of the 1980s punk band The Gun Club. He was a founding member of The Red Lights before forming The Gun Club and also released several solo albums.,Artist,OfficeHolder,Artist
8134,Bangladesh Youth Leadership Center (BYLC) is the first leadership institution in Bangladesh founded with the vision of creating a more inclusive tolerant and just society by training the next generation of leaders. Originally developed at Harvard Kennedy School’s Center for Public Leadership in 2008 Bangladesh Youth Leadership Center was established in Bangladesh in 2009.,EducationalInstitution,Company,Educ
8348,CEDU Educational Services Inc. known simply as CEDU (pronounced see-doo) was founded in 1967 by Mel Wasserman and his wife Brigitta. The company owned and operated several therapeutic boarding schools and behavior modification programs in California and Idaho.,Company,EducationalInstitution,Company
8447,The Evangelical Fellowship of Thailand (Thai: สหกิจคริสเตียนแห่งประเทศไทย) is an umbrella organization for various evangelical churches parachurch organizations and foundations and is one of five Christian groups legally recognized by the Thai government.,Company,Building,Company
8448,Stuart Stevens is an American travel writer and political consultant. He is the cofounder of Washington D.C. - based political media consultancy Stevens & Schriefer Group (with Russell Schriefer). He served as a top strategist for Mitt Romney's 2012 presidential campaign.,OfficeHolder,Artist,Office
8479,The Sisters of Charity of Jesus and Mary came to Galle Sri Lanka in 1896 for more than 11 years there was only one house of the SCJM in Galle. The second foundation was proposed from 1906 especially by M. Tiburce De Mol Superior of Galle. In collaboration with the Jesuits the sisters started the work and by 1908 they finished the convent and the school. on 15 April 1908 Sr. Josephine Halewijn and Sr.,Building,EducationalInstitution,Building
8493,The Museum Computer Network (MCN) is a US-based non-profit organization for professionals with an interest in the use of computer technology for museums.,Company,Building,Company
8704,The National Institute of Technology and Evaluation (製品評価技術基盤機構 Seihin Hyōka Gijutsu Kiban Kikō) or NITE is an incorporated administrative agency (an independent administrative institution ) established by Japanese government aiming to contribute to the “safety and security of life” supported by reliable technology and information.,Company,EducationalInstitution,Company
8759,Bangabandhu Aeronautical Centre (BAC) located in Kurmitola Dhaka is the center for maintenance of the aircraft of Bangladesh Air Force. It was inaugurated in 4 December 2011.,Building,Company,Building
8763,The Flanders Automobile Company was a short-lived US-American automobile manufacturer which operated in Detroit Michigan from 1910 to 1913.It was the brainchild of Walter E. Flanders (1871–1923) who formerly held a position as General Factory Manager at the Ford Motor Company's Piquette avenue plant. There he co-invented the ingenious manufacturing methods which made the Model T Ford so famous.In 1908 Flanders left the Ford Motor Company and co-founded together with Bernard F.,MeanOfTransportation,Company,Mean
8791,The Joyland Amusement Park is a small family-owned traditional amusement park located in Lubbock Texas USA within Lubbock's Mackenzie Park. It typically operates from March to September of each year opening 7 days a week but only during the evening on weeknights.,Building,Company,Building
8793,Saunderstown is a small village and historic district in the towns of Narragansett and North Kingstown in Washington County Rhode Island United States.Saunderstown is known as the birthplace of the artist Gilbert Stuart who is best known for painting the portrait of George Washington that is portrayed on the one-dollar bill.,Village,Building,V
8810,Mrityunjay Kumar Singh (मृत्युंजय कुमार सिंह) (born August 30 1961) is an Indian Police Service Officer of the 1987 batch belonging to the West Bengal Cadre. He is also a poet columnist lyricist and folk musician.,OfficeHolder,Artist,Office
9061,Meridian 4 also known as Meridian #14L is a Russian military communications satellite. It was launched atop a Soyuz-2-1a/Fregat rocket from the Plesetsk Cosmodrome in May 2011. It is the fourth satellite to be launched as part of the Meridian system which will replace the older Molniya series.Meridian satellites are launched into highly elliptical Molniya orbits to provide communications coverage of the Northern Hemisphere for the Russian military.,MeanOfTransportation,Company,Mean
9074,Guillermo Prieto Pradillo (10 February 1818 — 2 March 1897) was a Mexican novelist short-story writer poet chronicler journalist essayist patriot and Liberal politician. According to Eladio Cortés during his lifetime he was considered Mexico's national poet and his political allegiance to the Mexican liberals allowed him to serve as Minister of Finance and Foreign Affairs under different administrations.In his writings he used several pen names including Don Benedeno and Fidel.,Artist,OfficeHolder,Artist
9086,Jubilee Mission Medical College and Research Institute is a private medical college located at Thrissur in Kerala India. The establishment is administered by the Jubilee Mission Hospital Trust a charitable organization under the Catholic Archdiocese of Thrissur.,EducationalInstitution,Building,Educ
9310,Human resource policies are systems of codified decisions established by an organization to support administrative personnel functions performance management employee relations and resource planning.Each company has a different set of circumstances and so develops an individual set of human resource policies.,Company,EducationalInstitution,Company
9468,The High Altitude Warfare School (HAWS) is a training and research establishment of the Indian Army. It trains Indian Army personnel in high altitude mountain warfare and develops ideas and techniques for fighting in such difficult terrain. It is the one of the best mountain warfare training schools in the world.,Building,EducationalInstitution,Building
9475,William Roberts (1767 Newington Butts – 21 May 1849) was an English barrister and legal writer an evangelical journal editor and the first biographer of Hannah More.,OfficeHolder,Artist,Office
9508,Rose L.,Building,EducationalInstitution,Building
9556,Nikolay Georgiyevich Abramashvili (Russian: Никола́й Гео́ргиевич Абрамашви́ли) (December 28 1918 born in Akhaldaba Georgia — November 30 1943) was a Soviet fighter ace who fought in the Great Patriotic War.,Unknown,OfficeHolder,Military
9618,The Yale Club of New York City commonly called the Yale Club is a private club in Midtown Manhattan New York City New York United States. Its membership is restricted almost entirely to alumni and faculty of Yale University. With a clubhouse comprising 22 stories and a worldwide membership of over 11000 it is the largest private clubhouse in the world. As a Platinum Club of America it is considered in the elite 1% of all private clubs in the world.,Building,Company,Building
9698,Fifth Avenue High School is a defunct school located at 1800 Fifth Avenue in Pittsburgh Pennsylvania's Bluff neighborhood USA.Built in 1894 as a large Romanesque/Gothic Revival building it served the Pittsburgh Public Schools until its closure in 1976.,EducationalInstitution,Building,Educ
9720,Ochirbatyn Dashbalbar (Mongolian: Очирбатын Дашбалбар; 1957—1999) was a Mongolian writer and politician.,OfficeHolder,Artist,Office
9812,Automobiles Oméga-Six was a French automobile manufactured in the Paris region by Jules Daubeck between 1922 and 1930.,MeanOfTransportation,Company,Mean
9925,The Original Pantry Cafe is an iconic coffee shop and restaurant in Los Angeles California. Located at the corner of 9th and Figueroa in Downtown L.A.'s South Park district The Pantry (as it is known by locals) claims to never have closed or been without a customer since it opened in 1924 including when it changed locations in 1950 to make room for a freeway off-ramp. It served lunch in the original location and served dinner at the new location the same day.,Building,Company,Building
9962,ISDERA or Ingenieurbüro für Styling DEsign und RAcing (Engineering company for Styling Design and Racing) is a privately run automaker based in a small workshop in Hildesheim Germany. The company was formerly based in Leonberg Germany. Each high-performance sports car is hand-built by a small team of craftsmen and the only way to purchase an Isdera is to call the CEO directly. Each vehicle is custom built for its buyer and a waiting period of six months is to be expected.,MeanOfTransportation,Company,Mean
9993,Schoology.com is a social network for K-12 schools and higher education institutions focused on collaboration that allows users to create manage and share academic content. Also known as a learning management system (LMS) or course management system (CMS) the cloud-based platform provides tools needed to manage an online classroom.Visually and functionally similar to Facebook the service includes attendance records online gradebook tests and quizzes and homework dropboxes.,EducationalInstitution,Company,Educ
10018,The Concave football boot is a special boot designed to increase the 'sweet spot' (the area of the boot that makes contact with the ball) by approximately four times. It has evolved the games of Australian Football League Soccer and Rugby League. Independent testing at Deakin University has shown the boot increases power by between 8-15% and provides increased accuracy with a smaller margin of error. Concave also designed this new boot to protect the metatarsal bones.,Athlete,Company,Ath
10147,Student Volunteer Campus Community (abbreviated SVCC and formerly SVCC Language Schools) is a non-profit organization run by volunteers located in Edmonton Alberta Canada and operates at the University of Alberta as a student volunteer group.,EducationalInstitution,Company,Educ
10195,Charles Rozanski (born March 11 1955) is a German-American retailer and columnist known as the President and CEO of the Denver Colorado-based Mile High Comics Inc. and a columnist for the Comics Buyer's Guide.,OfficeHolder,Artist,Office
10248,Carlos Vaz Ferreira (October 15 1872 – January 3 1958) was an Uruguayan philosopher writer and academic. Influenced by John Stuart Mill and Herbert Spencer he is notable for introducing liberal pluralistic political values and pragmatic philosophical concepts to South American society.,OfficeHolder,Artist,Office
10285,Naum Veqilharxhi born Naum Bredhi (1797-1854) was an Albanian lawyer and scholar. In 1844 he created a unique alphabet for the Albanian language using characters he had created himself the Vithkuqi script. Veqilharxhi is one of most prominent figures of the early Albanian National Awakening.,OfficeHolder,Artist,Office
10342,Edward Ed Asner (born November 15 1929) is an American film television stage and voice actor and a former president of the Screen Actors Guild.,Artist,OfficeHolder,Artist
10447,The Bulkeley School is located in New London Connecticut. The school was built in 1871 and was added to the National Register of Historic Places on August 13 1981.,EducationalInstitution,Building,Educ
10480,The Jefferson–Hemings controversy concerns the question of whether there was an intimate relationship between U.S. President Thomas Jefferson and his mixed-race slave Sally Hemings that resulted in his fathering some or all of her six recorded children.,WrittenWork,OfficeHolder,Written
10566,Mercy Gilbert Medical Center is a full-service 212-bed acute care not-for-profit hospital providing healthcare to the East Valley. Services offered include cardiovascular emergency family birth center gastroenterology pediatric and adolescent sleep center orthopedics and diagnostic services among others. The hospital is a member of Dignity Health one of the largest healthcare systems in the west with 40 hospitals in Arizona California and Nevada.,Building,Company,Building
10577,Emma Johanna Henny Emmy Göring (née Sonnemann) (24 March 1893 – 8 June 1973) was a German actress and the second wife of Luftwaffe Commander-in-Chief Hermann Göring. She served as Adolf Hitler's hostess at many state functions and thereby staked a claim to the title of First Lady of the Third Reich.,Artist,OfficeHolder,Artist
10681,Albert Whiggs Easmon (1865-21 May 1923) was a Sierra Leonean doctor and the half-brother of Dr John Farrell Easmon. Easmon was among the first group of Sierra Leoneans to qualify as a medical doctor after getting a degree from Edinburgh University. He became the leading gynaecologist in Freetown Sierra Leone and had an extensive private practice.,OfficeHolder,Artist,Office
10695,HispanicBusiness Inc. is a media company based in Goleta California in the United States of America. The firm was founded by Jesús Chavarría in 1979 and publishes business and political news stories oriented toward Hispanic professionals and entrepreneurs.The company switched to an exclusively online publishing platform in May 2012.,Company,WrittenWork,Company
10766,The American Society of Plant Taxonomists (ASPT) is a botanical organization formed in 1935 to foster encourage and promote education and research in the field of plant taxonomy to include those areas and fields of study that contribute to and bear upon taxonomy and herbaria according to its bylaws.[1] It is incorporated in the state of Wyoming and its office is at the University of Wyoming Department of Botany.The ASPT publishes a quarterly botanical journal Systematic Botany and the irregular series Systematic Botany Monographs.,WrittenWork,Company,Written
10768,The Sankey Canal which is also known as the Sankey Brook Navigation and the St Helens Canal is a canal in Cheshire extending into Merseyside in the northwest of England connecting St Helens with the River Mersey. When opened in 1757 it ran along the valley of the Sankey Brook from the point where the brook joined the River Mersey to a location to the north east of St Helens.,MeanOfTransportation,NaturalPlace,Mean
10875,Yang Zhenduo (1926- ) a native of Yongnian Hsien County Hebei was born in Beijing China into the famous Yang family of martial artists. A son of Yang Cheng Fu and a great-grandson of Yang Lu Chan (the creator of the Yang style of t'ai chi ch'uan) Yang Zhenduo is a fourth-generation descendant of the Yang Family of t'ai chi ch'uan and is the fourth lineage-holder of the style.,Artist,Athlete,Artist
11150,John Edward Bruce also known as Bruce Grit or J. E. Bruce-Grit (February 22 1856 – August 7 1924) born a slave in Maryland United States became a journalist historian writer orator civil rights activist and Pan-African nationalist. He founded newspapers in Washington DC and Norfolk Virginia as well as co-founding the Negro Society for Historical Research in New York.,OfficeHolder,Artist,Office
11177,The University of Information Science (Spanish: Universidad de las Ciencias Informáticas; UCI also known as the University of Information Sciences and University of Informatics Sciences) is a university research center based in Havana Cuba in the municipality of Boyeros. Born as a project of the Cuban Revolution called the Future Project which has two objectives: to computerize the country and develop the software industry to contribute to economic development the same.,EducationalInstitution,Company,Educ
11188,Major Frank Robinson was an ice hockey executive and soldier. He was an owner of the Toronto Blueshirts ice hockey team and later president of the National Hockey Association (NHA) predecessor organization of the National Hockey League (NHL).,Athlete,OfficeHolder,Ath
11281,The Regional Institute of Ophthalmology and Government Ophthalmic Hospital (commonly called the Egmore Eye Hospital) Chennai is the oldest eye hospital in the Indian subcontinent and in Asia.,Building,EducationalInstitution,Building
11309,Lutz Tavern is a bar in the Woodstock neighborhood of Portland Oregon in the United States.,Building,Company,Building
11512,Revilo Pendleton Oliver (July 7 1908 – August 20 1994) was an American professor of Classical philology Spanish and Italian at the University of Illinois at Urbana-Champaign who wrote and polemicized extensively for white nationalist causes.Oliver also briefly received national notoriety in the 1960s when he published an article following the John F.,OfficeHolder,Artist,Office
11674,William Boyd Allison Davis (October 14 1902 – November 21 1983) was an educator anthropologist writer researcher and scholar. He was considered one of the most promising black scholars of his generation and became the first African-American to hold a full faculty position at a major white university when he joined the staff of the University of Chicago in 1942 where he would spend the balance of his academic life.,OfficeHolder,Artist,Office
11705,Ed Krol was the network manager at the National Center for Supercomputing Applications and the former assistant director of Campus Information Technologies and Educational Services (CITES) at the University of Illinois at Urbana-Champaign. He is also the author of The Hitchhiker's Guide to the Internet and The Whole Internet User's Guide and Catalog.,OfficeHolder,Artist,Office
11732,Tri-Rivers Educational Computer Association (TRECA) serves a consortium of local school districts across the State of Ohio providing technology and educational support. TRECA is classified as an Information Technology Center (or ITC). TRECA provides services in the areas of student information systems state reporting fiscal services instructional services professional development training and information technology support.,EducationalInstitution,Company,Educ
11827,Mobile Suit Gundam: Char's Counterattack (機動戦士ガンダム 逆襲のシャア Kidō Senshi Gandamu: Gyakushū no Shā) is a 1988 anime film set in Gundam's Universal Century timeline of Gundam specifically U.C.,Film,WrittenWork,Film
11839,The John A. Lynch was a ferryboat built in 1925 in Mariners Harbor Staten Island. It was named after NJ politician John A. Lynch Sr. by NYC Mayor Hylan as were 15 other ferryboats built at the same time. It was renamed first as the Harlam then the Major General William H. Hart in 1940 when it was sold to the Army and assigned to Governors Island. In 1968 it was donated to the South Street Seaport Museum and used as a school boat until 1990 when it was sold to Mystic Seaport.,MeanOfTransportation,Building,Mean
11871,Elf is a racing yacht built in 1888 by George Lawley & Son of South Boston Massachusetts for William H. Wilkinson. She was designed by George F. Lawley and is the oldest small yacht in the United States. She is located at Fredericktown Cecil County Maryland.She was listed on the National Register of Historic Places on March 26 1980.,MeanOfTransportation,Building,Mean
11955,The Chicago Swordplay Guild is a modern school of swordsmanship and Western martial arts and non-profit organization based in Chicago IL USA. It provides organized instruction in the serious study and practice of historical European swordplay with a principal focus on the Italian school of swordsmanship and other martial arts of the 14th–17th centuries.,WrittenWork,Company,Written
12048,Purandar fort (also called Purandhar fort) पुरंदर किल्ला (in Marathi) figures repeatedly in the rising of Shivaji against the Bijapur kingdom and the Mughals. Purandhar fort stands 4472 ft. above the sea (1387 m) in the Western Ghats 20 miles southeast of Pune. It actually consists of two forts - Purandar and Vajragad (or Rudramal). The latter is the smaller of the two and is on the eastern side of the main fort. The village Purandar takes its name from this fort.,Building,NaturalPlace,Building
12059,Red 7 was a short-lived rock group formed in 1984 in San Francisco California as a side project of British musician Mike Rutherford (Genesis Mike + the Mechanics). Rutherford produced their first album played bass on several songs and also sang in the choir on one song The Way. The three core members were Michael Becker Gene Stashuk and Paul Revelli. Don Gehmann mixed the single Relentless from the first CD David Tickle was the engineer.Red 7 recorded two albums.,Artist,Album,Artist
12245,The International Mycological Institute was a non-profit organization based in England that undertook research and disseminated information on fungi particularly plant pathogenic species causing crop diseases. It was established as the Imperial Bureau of Mycology at Kew in 1920 and amalgamated with CAB International in 1998.,Company,EducationalInstitution,Company
12249,Salad of a Thousand Delights is a home video by the Melvins which was released in 1992 through Box Dog Video. Recorded live at the North Shore Surf Club Olympia Washington May 16 1991. The video was rereleased on DVD (90 mins) in 2003.,Film,Album,Film
12315,Hayashi Hōkō (林 鳳岡 January 11 1644 – July 22 1732) also known as Hayashi Nobutatsu was a Japanese Neo-Confucian scholar teacher and administrator in the system of higher education maintained by the Tokugawa bakufu during the Edo period.,OfficeHolder,Artist,Office
12487,Wesley Korir (born 15 November 1982 in Kitale Trans-Nzoia District) is a Kenyan elected Member of Parliament for Cherangany Constituency (4 March 2013 elections) and a long distance runner who specializes in road running competitions. On 16 April 2012 he won the Boston Marathon with a time of 2 hours 12 minutes 40 seconds. He had previously won the Los Angeles Marathon in 2009 and 2010 the first back-to-back winner there in eight years.,Athlete,OfficeHolder,Ath
12577,Vellayani is a suburb of Thiruvananthapuram the capital city of Kerala India.,Unknown,Village,Location
12591,Elliot Goldenthal's score for Michael Collins was nominated for an Academy Award for Best Original Dramatic Score.Sinéad O'Connor and the late Irish tenor Frank Patterson both contributed to the soundtrack.,Film,Album,Film
12653,Diddy Kong Racing is a 1997 racing game for the Nintendo 64 developed by Rareware. 800000 copies were ordered in the two weeks before Christmas 1997 making it the fastest selling video game at the time according to the Guinness Book of World Records. It was the first game to spin off from the Donkey Kong Country series and stands as the Nintendo 64's sixth best-selling game.A racing game like Mario Kart 64 Diddy Kong Racing also has a distinctive adventure mode.,WrittenWork,Album,Written
12670,Rajiv Malhotra (born September 15 1950) is an Indian-American entrepreneur who after a career in the computer and telecom industries took early retirement in 1995 to found The Infinity Foundation through which he has promoted philanthropic and educational activities in the area of Hinduism studies.,OfficeHolder,Artist,Office
12688,Laufer was a rock band from Rijeka Croatia that was active between 1986 and 1996. They were briefly active again after 2003.They released two albums in 1994 The Best Off... under the minor label Corona and Pustinje (Deserts) under Croatia Records. In 2004 the former label released a compilation album Epitaf (Epitaph). The album The Best Off... was released again in 2010 by Dallas Records.,Artist,Album,Artist
12979,Actinidia /ˌæktɨˈnɪdiə/ is a genus of woody and with few exceptions dioecious plants native to temperate eastern Asia occurring throughout most of China Taiwan Korea and Japan and extending north to southeast Siberia and south into Indochina. The genus includes shrubs growing to 6 m (20 ft) tall and vigorous strong-growing vines growing up to 30 m (98 ft) in tree canopies.,Plant,Animal,Plant
13210,Roar Adler (4 September 1915 – 25 January 2007) was a Norwegian newspaper manager.Representing the sports club IK Tjalve he was a deputy board member of the Norwegian Athletics Association in 1953. In the 1950s he became a manager in the newspaper Arbeiderbladet. In 1959 he became a board member of Norske Avisers Landsforening since a 1992 merger known as the Norwegian Media Businesses' Association He served as deputy chairman from 1968 to 1970 and chairman from 1970 to 1972.,OfficeHolder,Artist,Office
13339,Ralph David Foster (April 25 1893–August 11 1984) was an American broadcasting pioneer and philanthropist who created the framework for Springfield Missouri to challenge Nashville Tennessee as the nation's country music capital during the 1950s. His KWTO was a stepping-stone for many top country artists; and with his music businesses led to creation of Ozark Jubilee the first U.S. network television program to feature country's top stars.,OfficeHolder,Artist,Office
13402,Wayne James Bennett AM (born 1 January 1950) is an Australian professional rugby league football coach and former player who is the current head coach for the Newcastle Knights of the NRL. An Australian international and Queensland interstate representative winger or fullback of the 1970s he also worked as a Queensland Police officer before becoming a Brisbane Rugby League premiership-winning coach and in the 1980s earned selection as Queensland's State of Origin coach.,OfficeHolder,Athlete,Office
13422,Qbic Hotels is a design hotel branch by the La Bergère Group. The first hotel opened in the WTC in Amsterdam's Zuidas district the financial business centre of Amsterdam. In October 2013 Qbic opened a second hotelQbic London City in Whitechapel London.,Company,Building,Company
13472,FL Goodwin was an American aircraft manufacturer that was based in Phoenix Arizona. The company specialized in the design and manufacturer of powered parachutes.The company introduced its first model the Goodwin Tri-Moto in 1997 a unique design of powered parachute carriage that can be folded up to stow on top of a recreational vehicle in a small pick-up truck or even in a small boat.,MeanOfTransportation,Company,Mean
13514,Nazaret Daghavarian (Chaderjian 1862 Sebastia - 1915) was an Armenian doctor agronomist and public activist one of the founders of Armenian General Benevolent Union (AGBU).He studied in the colleges of Istanbul then finished the university of Paris. He was the chief director of the Armenian schools of Sebastia province then directed the Aramian school and St Savior hospital in Constantinople.,OfficeHolder,Artist,Office
13649,The Factory was the name of Andy Warhol's New York City studio which had three different locations between 1962 and 1984. The original Factory was on the fifth floor at 231 East 47th Street in Midtown Manhattan. The rent was only about one hundred dollars a year.[citation needed] Warhol left in 1968 when the building was scheduled to be torn down to make way for an apartment building.,Building,Company,Building
14081,James Herries Beattie (6 June 1881–11 May 1972) was a New Zealand bookkeeper journalist historian ethnologist and bookseller. He was born in Gore Southland New Zealand on 6 June 1881.,OfficeHolder,Artist,Office
14157,Alien Voices was a project set up by John de Lancie and Leonard Nimoy which specialised in audiobooks of science fiction novels in the style of radio plays. The productions were distributed by Simon & Schuster Audio but the project was shut down following pressure from the distributor for greater sales and the dissatisfaction of de Lancie and Nimoy at this direction. The productions featured a number of cast members from the various Star Trek series.,WrittenWork,Company,Written
14181,Sir Sidney Poitier KBE (/ˈpwɑːtjeɪ/ or /ˈpwɑːti.eɪ/; born February 20 1927) is a Bahamian-American actor film director author and diplomat.In 1964 Poitier became the first black person to win an Academy Award for Best Actor for his role in Lilies of the Field.,Artist,OfficeHolder,Artist
14190,Port Kembla is a man-made cargo port or artificial harbour with an outer harbour protected by breakwaters and an inner harbour constructed by dredging located in the Illawarra region of New South Wales Australia.Activities within the port are managed by the Port Kembla Port Corporation.,MeanOfTransportation,NaturalPlace,Mean
14379,The Biblical Archaeology Society is a non-denominational organization that supports and promotes biblical archaeology. It publishes Biblical Archaeology Review. Its past publications included Bible Review (1985–2005) and Archaeology Odyssey (1998–2006). The Biblical Archaeology Society also publishes books about biblical archaeology aimed at a general readership.,WrittenWork,Company,Written
14434,He was born in Asunción Paraguay on March 27 1950. Son of Carmen Emategui and Rodolfo Barreto.,OfficeHolder,Artist,Office
14485,Revue de Paris was a French literary magazine founded in 1829 by Louis Desiré Veron.It ceased to be published in 1970.,WrittenWork,Company,Written
14558,Canadiana.org formerly the Canadian Institute for Historical Microreproductions is a non-profit and charitable organization dedicated to preserving Canada's heritage and making it accessible online.,Company,EducationalInstitution,Company
14627,Cosmo Police Justy (Cosmo Police ジャスティ Kosumo Porīsu Jasuti) is a science fiction anime OVA released on July 20 1985 in Japan. The anime is based on a manga by Tsuguo Okazaki which ran in Shōnen Sunday Super. The OVA was released as a double feature with the Area 88 film.The story follows Justy Kaizard a police officer who chases down criminal espers; his tactics might be similar to those of a bounty hunter but he is a salary-drawing officer. Justy is also an esper with remarkable powers.,Film,WrittenWork,Film
14646,Not to be confused with Woodland fairy.The Woodland Ferry is a cable ferry located in western Sussex County Delaware spanning the Nanticoke River west of the city of Seaford at Woodland Delaware. The ferry is currently operated by the Delaware Department of Transportation and operates year-round. The ferry is closed on Christmas Thanksgiving and New Year's Day and also as required by weather.,MeanOfTransportation,Building,Mean
14760,The Christmas Raccoons is the first of four television specials before the main animated television series succeeding it The Raccoons took place. It was first broadcast in syndication on December 17 1980. The story takes place in the Evergreen Forest home of the forest ranger Dan his children Tommy and Julie and their pet sheepdog Schaeffer.,WrittenWork,Film,Written
14792,Fort Pillow State Park is a state park in western Tennessee that preserves the American Civil War site of the Battle of Fort Pillow. The 1642 acre (6.6 km²) Fort Pillow located in Lauderdale County on the Chickasaw Bluffs overlooking the Mississippi River is rich in both historic and archaeological significance.,NaturalPlace,Building,Natural
14900,Krstarica (English: Cruiser) is one of the most visited web portals in Serbia. It was founded in March 1999.Includes search engine up-to-date daily news from Serbia directory of the local sites grouped by the topics and variety of content.Krstarica has 1.6 million visitors per month.,WrittenWork,Company,Written
14923,Pamela Palmater (born 1970) is a Mi'kmaq lawyer professor activist and politician from Mi'kma'ki New Brunswick Canada. A frequent media political commentator she appears for Aboriginal Peoples Television Network's InFocus CTV and CBC. She is an associate professor and the academic director of the Centre for Indigenous Governance at Ryerson University.,OfficeHolder,Artist,Office
14935,Sean Theriault is an associate professor in the Department of Government at the University of Texas Austin. He specializes in American politics with particular interests focusing on the U.S. Congress American political development and political history. He is a 2004 winner of the Eyes of Texas Excellence Award.Theriault has published articles on presidential rhetoric congressional careers issue framing the Compromise of 1850 and public approval of Congress.,OfficeHolder,Artist,Office
14953,Moses Powell (1941–2005) also known as Master Musa Muhammad was an American pioneer of martial arts in the United States. He was born in Norfolk Virginia. He held the rank of 10th degree black belt and was famous for his one finger forward roll. Moses Powell was the first martial artist invited to perform a demonstration in front of the United Nations. One of the first African Americans to instruct the DEA FBI and the Secret Service in martial arts.,Artist,Athlete,Artist
14954,Axel Christian Zetlitz Sømme (1899 – 1991) was a Norwegian geographer political activist magazine editor and newspaper editor.He was born in Stavanger. As a student he was politically active in the Mot Dag movement and edited the magazine Mot Dag in 1921. He was the first editor of the newspaper Rjukan Arbeiderblad.,OfficeHolder,Artist,Office
14978,Legend Fighting Championship (Legend FC) was a Hong Kong-based mixed martial arts (MMA) organization which invited national champion fighters from throughout the Asia-Pacific to compete for regional supremacy. Legend was unique among MMA tournaments in that it focused exclusively on native Asia-Pacific fighters. The company was dissovlved in 2013.,Athlete,Company,Ath
15088,Ranik Ultimate Fighting Federation (RUFF) is the first Chinese mixed martial arts (MMA) organization sanctioned by the General Administration of Sport of China. The winners of the title fights will be crowned as the national MMA champions of China in their respective weight classes. RUFF held its first event in August 2011 in Shanghai before presenting in Chongqing Hohhot Nanjing and Sanya.,Athlete,Company,Ath
15196,Russo-Balt (sometimes Russobalt or Russo-Baltique) was one of the first Russian companies that produced cars between 1909 and 1923.,MeanOfTransportation,Company,Mean
15516,Horizon Blue Cross Blue Shield of New Jersey headquartered in Newark New Jersey is the only licensed Blue Cross and Blue Shield Association plan in New Jersey providing health insurance coverage to over 3.2 million people throughout all of North Central and South Jersey.It is a not-for-profit[citation needed] health service corporation with a 15-member Board of Directors which governs the company for its members. There are no shareholders.,Company,Building,Company
15519,Zhao Yi (1727-1814) was a poet historian and critic during the Qing Dynasty in China. Zhao is notable for his innovative poetry his historical writings (including Notes on the Twenty-Two Dynastic Histories) and for espousing unconventional views on various aspects of Chinese dynastic history.,Artist,OfficeHolder,Artist
15590,¡Ya basta! is a phrase in Spanish roughly approximate to Enough is enough! or Enough already! in English. It has been adopted by several Latin American insurgent groups as an expression of affront towards issues that sparked the original dissent. Its adoption by the EZLN in Mexico as the movement's motto is exemplary of its popularity and ability to rally diverse ideologies under a common goal.,MeanOfTransportation,Company,Mean
15694,The Rustar dhow located in Dubai United Arab Emirates is a royal boat that can accommodate 400 passengers. At 51 metres (167 ft) it has set the world record for the largest floating restaurant.The Rustar Dhow has three levels a lower level which is used as a bar or dance floor (upon request) the middle level which is a dinner hall and the upper deck which is an open air dinner deck.Both middle and lower decks are air conditioned.,MeanOfTransportation,Company,Mean
15726,I. Newton Baker was private secretary to and biographer of Robert G. Ingersoll. He was earlier one of the editors of the American Sunday-School Times.,OfficeHolder,Artist,Office
15864,The Interislander is a road and rail ferry service across New Zealand's Cook Strait owned and operated by state-owned rail operator KiwiRail between Wellington in the North Island and Picton in the South Island. Three roll-on roll-off (RORO) vessels operate the 50 nautical miles (93 km; 58 mi) ferry route taking three hours to complete the crossing.Interislander was started in August 1962 by KiwiRail's predecessor the New Zealand Railways Department (NZR).,MeanOfTransportation,Company,Mean
15910,George Edward Ellis (8 August 1814 – 20 December 1894) was a Unitarian clergyman and historian.,OfficeHolder,Artist,Office
15958,Wintec is an Australian saddle manufacturer known for the first synthetic saddles.,Company,EducationalInstitution,Company
16003,Tokyo Zombie (東京ゾンビ Tōkyō Zonbi) is a manga written in 1999 by Yusaku Hanakuma. It was subsequently made into a 2005 Japanese film written and directed by Sakichi Sato. The films stars Tadanobu Asano Show Aikawa and Erika Okuda. The movie was released in North America UK and later Australia and New Zealand in 2009.,Film,WrittenWork,Film
16036,Kariandusi School Trust is a UK registered charity set up in 2003 for the advancement of education amongst children in rural Kenya by addressing the need for the construction of school buildings and the ongoing provision of school facilities and educational materials in and around those schools.Kariandusi School Trust is registered with the Charity Commission for England and Wales with the charity number 1101103.,EducationalInstitution,Company,Educ
16039,The San Ildefonso College currently is a museum and cultural center in Mexico City considered to be the birthplace of the Mexican muralism movement. San Ildefonso began as a prestigious Jesuit boarding school and after the Reform War it gained educational prestige again as National Preparatory School. This school and the building closed completely in 1978 then reopened as a museum and cultural center in 1992.,Building,EducationalInstitution,Building
16083,Vittorio Feltri (born 25 June 1943) is an Italian journalist and editor in chief.,OfficeHolder,Artist,Office
16114,Joseph Chen Zhonghua (陈中华) courteasy name Dongliang (栋梁) born in 1961 Shandong Province China is a Chinese martial arts practitioner teacher and author. Chen studied with two outstanding eighteenth generation Chen-style t'ai chi ch'uan (陳式太極拳) experts Hong Junsheng (洪均生; 1907 - 1996) and Feng Zhiqiang (冯志强 1928-2012). He and his family emigrated to Canada in 1985.,Artist,Athlete,Artist
16230,Block House is a restaurant chain based in Hamburg that was founded in 1968. It specializes in steaks.The chain was founded by Eugen Block and his sister Marlies Head. It currently owns 41 restaurants in Europe; 34 of which are in Germany and the others are in Switzerland Portugal and Spain. Total number of employees are 1650.,Company,Building,Company
16269,For the singer see Muhammad Shahid Nazir.,Building,Athlete,Building
16294,Indian God Rock is a large boulder in the northwestern part of the U.S. state of Pennsylvania. Located near the unincorporated community of Brandon it lies along the Allegheny River in Venango County's Rockland Township. It is significant for the large petroglyph on one of its sides. Because of the petroglyph the rock has been an explorers' landmark a tourist attraction and an object of scholarly investigation.,NaturalPlace,Building,Natural
16325,The 10th Kingdom is an American fairytale fantasy miniseries written by Simon Moore and produced by Britain's Carnival Films Germany's Babelsberg Film und Fernsehen and the USA's Hallmark Entertainment.,WrittenWork,Film,Written
16503,Inside Films is a joint effort between Intel and Toshiba that focuses on creating social films. Founded in 2011 Inside Films has produced three social films spanning three different genres: The Inside Experience (2011) Daytime Emmy and Cannes Lions award winning The Beauty Inside (2012) and The Power Inside (2013).,Company,Film,Company
16588,WOW Cafe American Grill & Wingery is a restaurant founded in 2001 by Paul Scott and Steve Ballard in Covington Louisiana. Since opening its first restaurant the franchise has expanded and opened locations all over the United States including more than 50 in 2008. The headquarters are still located in Covington. The name is an abbreviation of World of Wings.,Company,Building,Company
16639,The Mustang Ranch originally known as the Mustang Bridge Ranch is a brothel in Storey County Nevada about 15 miles (24 km) east of Reno. It is currently located at 1011 Wild Horse Canyon Dr Sparks NV 89434.Under owner Joe Conforte it became Nevada's first licensed brothel in 1971 eventually leading to the legalization of brothel prostitution in 10 of 17 counties in the state.,Building,Company,Building
16843,Conception Abbey is a monastery of the Swiss-American Congregation of the Benedictine Confederation. The monastery founded by the Swiss Engelberg Abbey in 1873 in northwest Missouri's Nodaway County was raised to a conventual priory in 1876 and elevated to an abbey in 1881. At present the community numbers sixty-five monks who celebrate the Eucharist and Liturgy of the Hours daily and who staff and administer Conception Seminary College the Printery House and the Abbey Guest Center.,Building,EducationalInstitution,Building
16849,The Lowell Museum located in Lowell Massachusetts was founded by Moses Kimball in 1840 as an art exhibit hall and entertainment venue.,Building,OfficeHolder,Building
16876,John William Jack Collins (September 23 1912 – December 2 2001) was an American chess master author and teacher.,Artist,Athlete,Artist
16964,Randall K.,Artist,EducationalInstitution,Artist
16995,The London Metal Exchange (LME) is the futures exchange with the world's largest market in options and futures contracts on base and other metals. As the LME offers contracts with daily expiry dates of up to three months from trade date along with longer-dated contracts up to 123 months it also allows for cash trading. It offers hedging worldwide reference pricing and the option of physical delivery to settle contracts.,Company,Plant,Company
17056,Peaches Does Herself is an electro rock opera stage show that tells a mythical history of the musician Peaches. Peaches Does Herself follows the musician Peaches through her journey from bedroom wannabe musician to Rockstar. Through a selection of songs from Peaches 4 official albums a mythical biography is told based on the misconceptions surrounding Peaches image. On the advice of a 65-year-old stripper Peaches makes music that is sexually forthright.,WrittenWork,Film,Written
17105,The International Students of History Association (ISHA) is an international non-governmental organization of students of history.,WrittenWork,Company,Written
17174,The National Association of Official Prison Visitors (NAOPV) promotes and helps to maintain the work of United Kingdom Official Prison Visitors.,OfficeHolder,Company,Office
17193,Sir David Emrys Evans (1891 – 20 February 1966) was a Welsh classicist and university principal.,OfficeHolder,Artist,Office
17230,Template:Use my dates,Building,OfficeHolder,Building
17236,Henry Drisler (27 December 1818 – 30 November 1897) was an American classical scholar.,OfficeHolder,Artist,Office
17417,John Punchard Jewett (1814-1884) was a Boston publisher best known for first publishing Uncle Tom's Cabin in book form in 1852.Jewett started a business in Boston publishing textbooks and religious textbooks in 1846. He also began to publish anti-slavery pieces. By 1851 he had also moved into fiction publishing The Sunny Side by Elizabeth Stuart Phelps (the mother of Elizabeth Stuart Phelps Ward).,Artist,Company,Artist
17424,The Government of the Democratic Republic of the Congo is the second institution in the central executive branch of the Democratic Republic of the Congo the first institution being the President of the Democratic Republic of the Congo who has the title of head of state.,OfficeHolder,Company,Office
